Fecha,PORVL24N2
2018-01-12,1.2078260869565218
2018-01-13,0.76375
2018-01-14,0.6633333333333333
2018-01-15,0.8562500000000001
2018-01-16,1.0616666666666672
2018-01-17,1.1412500000000003
2018-01-18,0.9016666666666668
2018-01-19,0.7783333333333332
2018-01-20,1.0358333333333336
2018-01-21,1.164166666666667
2018-01-22,1.2341666666666669
2018-01-23,1.2787499999999994
2018-01-24,1.302083333333333
2018-01-25,1.3233333333333328
2018-01-26,1.3545833333333335
2018-01-27,1.3808333333333327
2018-01-28,1.4033333333333335
2018-01-29,1.4275
2018-01-30,1.462083333333333
2018-01-31,1.4895833333333337
2018-02-01,1.5141666666666673
2018-02-02,1.5416666666666663
2018-02-03,1.5724999999999996
2018-02-04,1.6016666666666668
2018-02-05,1.6333333333333335
2018-02-06,1.6650000000000007
2018-02-07,1.6900000000000006
2018-02-08,1.7000000000000002
2018-02-09,1.7000000000000002
2018-02-10,1.7000000000000002
2018-02-11,1.7000000000000002
2018-02-12,1.7000000000000002
2018-02-13,1.7000000000000002
2018-02-14,1.7000000000000002
2018-02-15,1.7000000000000002
2018-02-16,1.7000000000000002
2018-02-17,1.7000000000000002
2018-02-18,1.7000000000000002
2018-02-19,1.7000000000000002
2018-02-20,1.7000000000000002
2018-02-21,1.7000000000000002
2018-02-22,1.7000000000000002
2018-02-23,1.7000000000000002
2018-02-24,1.7000000000000002
2018-02-25,1.7000000000000002
2018-02-26,1.7000000000000002
2018-02-27,1.7000000000000002
2018-02-28,1.7000000000000002
2018-03-01,1.7000000000000002
2018-03-02,1.7000000000000002
2018-03-03,1.7000000000000002
2018-03-04,1.7000000000000002
2018-03-05,1.7000000000000002
2018-03-06,1.7000000000000002
2018-03-07,1.7000000000000002
2018-03-08,1.7000000000000002
2018-03-09,1.7000000000000002
2018-03-10,1.7000000000000002
2018-03-11,1.7000000000000002
2018-03-12,1.7000000000000002
2018-03-13,1.7000000000000002
2018-03-14,1.7000000000000002
2018-03-15,1.7000000000000002
2018-03-16,1.7000000000000002
2018-03-17,1.7000000000000002
2018-03-18,1.7000000000000002
2018-03-19,1.7000000000000002
2018-03-20,1.7000000000000002
2018-03-21,1.7000000000000002
2018-03-22,1.7000000000000002
2018-03-23,1.7000000000000002
2018-03-24,1.7000000000000002
2018-03-25,1.7000000000000002
2018-03-26,1.7000000000000002
2018-03-27,1.7000000000000002
2018-03-28,1.7000000000000002
2018-03-29,1.7000000000000002
2018-03-30,1.7000000000000002
2018-03-31,1.7000000000000002
2018-04-01,1.7000000000000002
2018-04-02,1.7000000000000002
2018-04-03,1.6999999999999995
2018-04-04,
2018-04-05,1.6999999999999997
2018-04-06,1.7000000000000002
2018-04-07,1.7000000000000002
2018-04-08,1.7000000000000002
2018-04-09,1.7000000000000002
2018-04-10,1.7000000000000002
2018-04-11,1.7000000000000002
2018-04-12,1.7000000000000002
2018-04-13,1.7
2018-04-14,1.7000000000000002
2018-04-15,1.7000000000000002
2018-04-16,1.7000000000000002
2018-04-17,1.7000000000000002
2018-04-18,1.7000000000000002
2018-04-19,1.7000000000000002
2018-04-20,1.7000000000000002
2018-04-21,1.7000000000000002
2018-04-22,1.7000000000000002
2018-04-23,1.7000000000000002
2018-04-24,1.7000000000000002
2018-04-25,1.7000000000000002
2018-04-26,1.7000000000000002
2018-04-27,1.7000000000000002
2018-04-28,1.7000000000000002
2018-04-29,1.7000000000000002
2018-04-30,1.7000000000000002
2018-05-01,1.2645833333333332
2018-05-02,1.2466666666666668
2018-05-03,0.94625
2018-05-04,1.0733333333333335
2018-05-05,1.175
2018-05-06,1.1804166666666667
2018-05-07,1.059166666666667
2018-05-08,0.8608333333333333
2018-05-09,1.09125
2018-05-10,1.0879166666666666
2018-05-11,0.8462499999999998
2018-05-12,1.0812121212121213
2018-05-13,1.1954166666666663
2018-05-14,1.2574999999999998
2018-05-15,1.2974999999999997
2018-05-16,1.3325000000000002
2018-05-17,1.3620833333333335
2018-05-18,1.3912499999999997
2018-05-19,1.3370833333333334
2018-05-20,1.0241666666666662
2018-05-21,1.15625
2018-05-22,1.1904166666666665
2018-05-23,1.1995833333333334
2018-05-24,1.147916666666667
2018-05-25,1.2062499999999996
2018-05-26,1.249583333333334
2018-05-27,1.2783333333333329
2018-05-28,1.3083333333333336
2018-05-29,1.3379166666666673
2018-05-30,1.3654166666666665
2018-05-31,1.3758333333333328
2018-06-01,1.3900000000000003
2018-06-02,1.3966666666666665
2018-06-03,1.4116666666666673
2018-06-04,1.4284000000000001
2018-06-05,1.4491666666666665
2018-06-06,1.4649999999999999
2018-06-07,1.4725000000000001
2018-06-08,1.3483333333333334
2018-06-09,1.326666666666666
2018-06-10,1.3279166666666662
2018-06-11,1.1275000000000002
2018-06-12,0.9387499999999999
2018-06-13,1.18
2018-06-14,1.1208333333333333
2018-06-15,0.7958333333333333
2018-06-16,1.1183333333333334
2018-06-17,1.2249999999999999
2018-06-18,1.1862500000000005
2018-06-19,0.7916666666666666
2018-06-20,0.96875
2018-06-21,0.7475
2018-06-22,1.06375
2018-06-23,1.1854166666666666
2018-06-24,1.249166666666667
2018-06-25,1.2104166666666665
2018-06-26,1.2454166666666668
2018-06-27,1.20875
2018-06-28,1.2066666666666663
2018-06-29,0.9475000000000001
2018-06-30,0.8316666666666667
2018-07-01,1.0525
2018-07-02,1.162916666666667
2018-07-03,1.2287499999999998
2018-07-04,1.2791666666666663
2018-07-05,1.3066666666666669
2018-07-06,1.1895833333333334
2018-07-07,1.2345833333333336
2018-07-08,1.2870833333333331
2018-07-09,1.324166666666666
2018-07-10,1.0941666666666667
2018-07-11,0.7974999999999999
2018-07-12,1.0895833333333333
2018-07-13,1.2120833333333332
2018-07-14,1.266666666666667
2018-07-15,1.275833333333333
2018-07-16,1.1195833333333332
2018-07-17,1.2166666666666661
2018-07-18,1.2762499999999994
2018-07-19,1.3091666666666666
2018-07-20,1.3245833333333328
2018-07-21,1.3466666666666673
2018-07-22,1.354583333333334
2018-07-23,1.3658333333333337
2018-07-24,1.3741666666666665
2018-07-25,1.375
2018-07-26,1.3799999999999992
2018-07-27,1.4041666666666666
2018-07-28,1.4116666666666664
2018-07-29,1.3233333333333335
2018-07-30,1.1479166666666665
2018-07-31,0.9225
2018-08-01,1.0164
2018-08-02,0.8008333333333333
2018-08-03,1.0954166666666667
